{"stat.crouchOneCm":1436,"stat.craftItem.minecraft.emerald":2,"achievement.openInventory":34,"stat.enderchestOpened":8,"stat.damageDealt":3247,"achievement.exploreAllBiomes":{"value":0,"progress":["Desert M","Desert","DesertHills","River"]},"stat.killEntity.Bat":2,"stat.climbOneCm":13204,"stat.talkedToVillager":37,"stat.flyOneCm":24727,"stat.drop":2,"stat.damageTaken":10,"stat.timeSinceDeath":30328,"stat.playOneMinute":30328,"stat.killEntity.Spider":1,"stat.useItem.minecraft.bow":23,"stat.jump":175,"stat.useItem.minecraft.wooden_sword":19,"stat.swimOneCm":455,"stat.mobKills":19,"stat.killEntity.Skeleton":11,"stat.walkOneCm":176812,"stat.killEntity.Zombie":3,"stat.sprintOneCm":32072,"stat.tradedWithVillager":2}