{"stat.chestOpened":7,"stat.useItem.minecraft.quartz_block":57,"stat.killEntity.EntityHorse":8,"stat.useItem.minecraft.stone":458,"stat.useItem.minecraft.quartz_stairs":17,"stat.leaveGame":54,"stat.mineBlock.minecraft.cobblestone":1,"stat.mineBlock.minecraft.slime":4,"stat.useItem.minecraft.skull":26,"stat.useItem.minecraft.ender_chest":2,"stat.useItem.minecraft.diamond_sword":6,"stat.useItem.minecraft.glowstone":70,"stat.useItem.minecraft.sand":91,"stat.jump":1103,"stat.swimOneCm":848,"stat.useItem.minecraft.planks":9,"stat.fallOneCm":85837,"stat.climbOneCm":6989,"stat.useItem.minecraft.nether_brick_stairs":3,"stat.useItem.minecraft.stone_axe":13,"stat.crouchOneCm":13752,"stat.enderchestOpened":5,"stat.useItem.minecraft.dirt":3,"stat.useItem.minecraft.red_sandstone_stairs":261,"stat.useItem.minecraft.stone_slab2":15,"achievement.exploreAllBiomes":{"value":0,"progress":["Desert M","Roofed Forest","Plains","Redwood Taiga Hills M","The End","Beach","DesertHills","Ocean","Forest","River","Desert","Mega Taiga","Deep Ocean","Hell","Savanna"]},"stat.useItem.minecraft.dispenser":2,"stat.useItem.minecraft.sapling":1,"stat.mineBlock.minecraft.log2":1,"stat.damageTaken":1443,"stat.useItem.minecraft.stone_brick_stairs":29,"stat.dispenserInspected":1,"stat.useItem.minecraft.wooden_pickaxe":6,"stat.useItem.minecraft.anvil":8,"stat.flyOneCm":1891321,"stat.useItem.minecraft.cooked_beef":4,"stat.mineBlock.minecraft.glass":2,"stat.killEntity.Villager":1,"stat.damageDealt":5426,"stat.killEntity.Rabbit":4,"stat.useItem.minecraft.wool":35,"stat.timeSinceDeath":17357,"stat.useItem.minecraft.crafting_table":3,"stat.useItem.minecraft.sign":19,"stat.mineBlock.minecraft.dirt":2,"stat.useItem.minecraft.iron_bars":14,"stat.walkOneCm":1022211,"stat.useItem.minecraft.chest":4,"stat.useItem.minecraft.log":10,"stat.useItem.minecraft.oak_stairs":4,"stat.useItem.minecraft.cobblestone":5,"stat.useItem.minecraft.tnt":1,"stat.talkedToVillager":1,"stat.useItem.minecraft.item_frame":1,"stat.useItem.minecraft.red_sandstone":372,"achievement.mineWood":6,"stat.useItem.minecraft.stained_hardened_clay":265,"stat.useItem.minecraft.trapdoor":4,"stat.useItem.minecraft.stained_glass":1,"stat.useItem.minecraft.diamond_block":5,"stat.sprintOneCm":545466,"stat.useItem.minecraft.prismarine":42,"stat.killEntity.Skeleton":4,"stat.useItem.minecraft.stone_slab":61,"stat.useItem.minecraft.bed":2,"achievement.openInventory":161,"stat.useItem.minecraft.cauldron":3,"stat.useItem.minecraft.flint_and_steel":1,"stat.useItem.minecraft.iron_block":1,"stat.killEntity.Spider":1,"stat.mineBlock.minecraft.glowstone":2,"stat.useItem.minecraft.wooden_pressure_plate":2,"stat.mobKills":21,"stat.useItem.minecraft.stonebrick":71,"stat.useItem.minecraft.dye":6,"stat.mineBlock.minecraft.log":4,"stat.deaths":1,"stat.drop":12,"stat.playOneMinute":323526,"stat.useItem.minecraft.wooden_sword":39,"stat.useItem.minecraft.banner":9,"stat.useItem.minecraft.ladder":12,"stat.killEntity.Zombie":2,"stat.mineBlock.minecraft.stone":3,"stat.diveOneCm":11998}