{"stat.damageDealt":3146,"achievement.exploreAllBiomes":{"value":0,"progress":["Desert M","Desert","DesertHills","Beach","River"]},"stat.killEntity.Bat":1,"stat.craftingTableInteraction":1,"stat.enderchestOpened":2,"achievement.openInventory":5,"stat.useItem.minecraft.planks":3,"stat.climbOneCm":1886,"stat.useItem.minecraft.diamond_sword":23,"stat.flyOneCm":28435,"stat.timeSinceDeath":8675,"stat.leaveGame":1,"stat.diveOneCm":815,"stat.killEntity.Creeper":1,"stat.mineBlock.minecraft.planks":3,"stat.useItem.minecraft.cooked_beef":1,"stat.useItem.minecraft.crafting_table":1,"stat.mineBlock.minecraft.crafting_table":1,"stat.craftItem.minecraft.stick":4,"stat.playOneMinute":8675,"stat.killEntity.Spider":1,"stat.useItem.minecraft.stone_axe":1,"stat.swimOneCm":634,"stat.craftItem.minecraft.crafting_table":1,"stat.mobKills":13,"stat.killEntity.Skeleton":4,"stat.walkOneCm":61725,"stat.craftItem.minecraft.planks":64,"stat.killEntity.Zombie":2,"stat.useItem.minecraft.sign":1,"stat.chestOpened":7,"stat.jump":132,"stat.killEntity.Guardian":2,"stat.sprintOneCm":25704,"stat.craftItem.minecraft.sign":3}