{"stat.damageDealt":4919,"stat.mineBlock.minecraft.log":3,"achievement.exploreAllBiomes":{"value":0,"progress":["Desert","Desert M","DesertHills","The End","Savanna","River"]},"stat.craftingTableInteraction":2,"stat.enderchestOpened":1,"achievement.openInventory":12,"stat.useItem.minecraft.stone_pickaxe":47,"stat.flyOneCm":24383,"stat.useItem.minecraft.stone_sword":5,"stat.climbOneCm":4826,"stat.mineBlock.minecraft.iron_ore":22,"stat.drop":3,"stat.damageTaken":153,"stat.craftItem.minecraft.coal":5,"stat.mineBlock.minecraft.cobblestone":16,"stat.craftItem.minecraft.stone_pickaxe":1,"stat.timeSinceDeath":21556,"stat.killEntity.Enderman":2,"stat.leaveGame":1,"stat.diveOneCm":381,"stat.craftItem.minecraft.iron_ingot":5,"stat.mineBlock.minecraft.leaves2":1,"stat.useItem.minecraft.cooked_beef":1,"achievement.mineWood":4,"stat.craftItem.minecraft.stick":8,"stat.playOneMinute":21556,"stat.killEntity.Spider":4,"stat.killEntity.Rabbit":1,"stat.swimOneCm":1574,"stat.useItem.minecraft.stone_axe":10,"stat.furnaceInteraction":7,"stat.mobKills":14,"stat.killEntity.Skeleton":2,"stat.mineBlock.minecraft.stone":20,"stat.playerKills":1,"stat.walkOneCm":222001,"stat.craftItem.minecraft.planks":4,"stat.useItem.minecraft.wooden_pickaxe":11,"stat.mineBlock.minecraft.log2":6,"stat.jump":126,"stat.useItem.minecraft.wooden_sword":35,"stat.mineBlock.minecraft.tallgrass":2,"stat.craftItem.minecraft.stone_sword":1,"stat.useItem.minecraft.wooden_shovel":2,"stat.killEntity.Guardian":3,"stat.sprintOneCm":65611}