{"stat.chestOpened":13,"stat.walkOneCm":165673,"stat.useItem.minecraft.quartz_block":2,"achievement.openInventory":13,"stat.useItem.minecraft.stone":218,"stat.leaveGame":3,"stat.useItem.minecraft.cobblestone":1,"stat.dispenserInspected":1,"stat.talkedToVillager":1,"stat.useItem.minecraft.glowstone":4,"stat.flyOneCm":597896,"stat.useItem.minecraft.end_stone":3,"stat.drop":6,"stat.jump":249,"stat.swimOneCm":4866,"stat.useItem.minecraft.sand":486,"stat.playOneMinute":92213,"stat.climbOneCm":1771,"stat.crouchOneCm":4707,"stat.enderchestOpened":3,"stat.timeSinceDeath":92213,"stat.useItem.minecraft.stained_hardened_clay":5,"stat.sprintOneCm":46225,"achievement.exploreAllBiomes":{"value":0,"progress":["Beach","DesertHills","Desert M","Roofed Forest","River","Desert","The End","Hell"]},"stat.diveOneCm":270}